brand_name,url
Tory Burch,https://www.ebay.com/sch/45333/i.html?_nkw=tory+burch&_sop=10&_ipg=192
Tory Burch,https://www.ebay.com/sch/62107/i.html?_nkw=tory+burch&_sop=10&_ipg=192
Tory Burch,https://www.ebay.com/sch/55793/i.html?_nkw=tory+burch&_sop=10&_ipg=192
Tory Burch,https://www.ebay.com/sch/53557/i.html?_nkw=tory+burch&_sop=10&_ipg=192
Tory Burch,https://www.ebay.com/sch/95672/i.html?_nkw=tory+burch&_sop=10&_ipg=192
Tory Burch,https://www.ebay.com/sch/53548/i.html?_nkw=tory+burch&_sop=10&_ipg=192
Tory Burch,https://www.ebay.com/sch/11632/i.html?_nkw=tory+burch&_sop=10&_ipg=192
Tory Burch,https://www.ebay.com/sch/53159/i.html?_nkw=tory+burch&_sop=10&_ipg=192
Tory Burch,https://www.ebay.com/sch/63861/i.html?_nkw=tory+burch&_sop=10&_ipg=192
Tory Burch,https://www.ebay.com/sch/63866/i.html?_nkw=tory+burch&_sop=10&_ipg=192
Tory Burch,https://www.ebay.com/sch/63867/i.html?_nkw=tory+burch&_sop=10&_ipg=192
Tory Burch,https://www.ebay.com/sch/63864/i.html?_nkw=tory+burch&_sop=10&_ipg=192
Tory Burch,https://www.ebay.com/sch/63862/i.html?_nkw=tory+burch&_sop=10&_ipg=192
Tory Burch,https://www.ebay.com/sch/63863/i.html?_nkw=tory+burch&_sop=10&_ipg=192
Tory Burch,https://www.ebay.com/sch/11554/i.html?_nkw=tory+burch&_sop=10&_ipg=192
Tory Burch,https://www.ebay.com/sch/11555/i.html?_nkw=tory+burch&_sop=10&_ipg=192
Tory Burch,https://www.ebay.com/sch/185098/i.html?_nkw=tory+burch&_sop=10&_ipg=192
Tory Burch,https://www.ebay.com/sch/63865/i.html?_nkw=tory+burch&_sop=10&_ipg=192
Tory Burch,https://www.ebay.com/sch/3009/i.html?_nkw=tory+burch&_sop=10&_ipg=192
Tory Burch,https://www.ebay.com/sch/11514/i.html?_nkw=tory+burch&_sop=10&_ipg=192
Tory Burch,https://www.ebay.com/sch/169001/i.html?_nkw=tory+burch&_sop=10&_ipg=192
Tory Burch,https://www.ebay.com/sch/260011/i.html?_nkw=tory+burch&_sop=10&_ipg=192
Tory Burch,https://www.ebay.com/sch/11524/i.html?_nkw=tory+burch&_sop=10&_ipg=192
Tory Burch,https://www.ebay.com/sch/169291/i.html?_nkw=tory+burch&_sop=10&_ipg=192&_udhi=80
Tory Burch,https://www.ebay.com/sch/169291/i.html?_nkw=tory+burch&_sop=10&_ipg=192&_udhi=150&_udlo=80
Tory Burch,https://www.ebay.com/sch/169291/i.html?_nkw=tory+burch&_sop=10&_ipg=192&_udlo=150
Tory Burch,https://www.ebay.com/sch/4251/i.html?_nkw=tory+burch&_sop=10&_ipg=192
Tory Burch,https://www.ebay.com/sch/260033/i.html?_nkw=tory+burch&_sop=10&_ipg=192
Tory Burch,https://www.ebay.com/sch/260012/i.html?_nkw=tory+burch&_sop=10&_ipg=192
Tory Burch,https://www.ebay.com/sch/171146/i.html?_nkw=tory+burch&_sop=10&_ipg=192
Tory Burch,https://www.ebay.com/sch/260018/i.html?_nkw=tory+burch&_sop=10&_ipg=192
Tory Burch,https://www.ebay.com/sch/26395/i.html?_nkw=tory+burch&_sop=10&_ipg=192
Tory Burch,https://www.ebay.com/sch/281/i.html?_nkw=tory+burch&_sop=10&_ipg=192